video_id;video_title;channel;author;comment;published_at;like_count;clean;sentiment;confidence
dSq0Z5XpoLc;Pertemuan Bersejarah dr. Tirta dan dr. Gia;Raditya Dika;@Taufiq14;"23:10 
MAJU KABEH! SIKAT! 😂😂😂🤣🤣🤣";2026-06-05T12:58:08Z;0;maju kabeh sikat;positif;0.9686
dSq0Z5XpoLc;Pertemuan Bersejarah dr. Tirta dan dr. Gia;Raditya Dika;@siahxjsjxjzjz;ASEM NGAKAK BGT;2026-06-05T09:59:17Z;0;asem terbahak-bahak sangat;positif;0.8885
dSq0Z5XpoLc;Pertemuan Bersejarah dr. Tirta dan dr. Gia;Raditya Dika;@AndiKurniawan-d5g;Ngakak😂😂😂😂😂;2026-06-05T05:32:40Z;0;terbahak-bahak;positif;0.6179
dSq0Z5XpoLc;Pertemuan Bersejarah dr. Tirta dan dr. Gia;Raditya Dika;@flocipink;emang bener soto enak daerah jateng aku kemarin bikin soto tauco khas Pekalongan Pemalang;2026-06-04T19:51:54Z;0;memang benar soto enak daerah jateng saya kemarin bikin soto tauco khas pekalongan pemalang;positif;0.9969
dSq0Z5XpoLc;Pertemuan Bersejarah dr. Tirta dan dr. Gia;Raditya Dika;@flocipink;THAT KAYA KONTET PECAH KETAWA GUA😭😭😭😭;2026-06-04T19:34:06Z;0;that kaya kontet pecah tertawa saya;negatif;0.9865
dSq0Z5XpoLc;Pertemuan Bersejarah dr. Tirta dan dr. Gia;Raditya Dika;@ArifBudiWicaksono-h4d;Autobot vs decepticon;2026-06-04T17:39:35Z;0;autobot vs decepticon;netral;0.974
dSq0Z5XpoLc;Pertemuan Bersejarah dr. Tirta dan dr. Gia;Raditya Dika;@gamedenibro;"Dr. Gia: Jangan sering martubasi ya... 
Dr. Tirta: Cola Coli Cola Coli";2026-06-04T17:37:58Z;0;dari gia jangan sering martubasi ya dari tirta cola coli cola coli;negatif;0.7717
dSq0Z5XpoLc;Pertemuan Bersejarah dr. Tirta dan dr. Gia;Raditya Dika;@DoomStecu;57:48 bang Radit shock😂;2026-06-04T16:57:13Z;1;bang radit shock;negatif;0.9961
dSq0Z5XpoLc;Pertemuan Bersejarah dr. Tirta dan dr. Gia;Raditya Dika;@Agggieee;Harusnya lagu kesukaan dokter tirta lost control aja 😂;2026-06-04T15:24:41Z;0;harusnya lagu kesukaan dokter tirta lost control saja;negatif;0.9882
dSq0Z5XpoLc;Pertemuan Bersejarah dr. Tirta dan dr. Gia;Raditya Dika;@fappyputrakomul3293;Orang kok bisa se soft spoken gini y😅;2026-06-04T14:49:11Z;0;orang kok bisa se soft spoken gini y;negatif;0.8083
dSq0Z5XpoLc;Pertemuan Bersejarah dr. Tirta dan dr. Gia;Raditya Dika;@NurAzkia-i6x;"dr gia : kasih sayang
dr tirta : kasih paham";2026-06-04T14:27:27Z;0;dari gia kasih sayang dari tirta kasih paham;positif;0.9918
dSq0Z5XpoLc;Pertemuan Bersejarah dr. Tirta dan dr. Gia;Raditya Dika;@HongLhowen;"Dr. Tirta & Dr Gia, Sama"" DOKTER JENIUS 👍";2026-06-04T05:27:57Z;1;dari tirta dari gia sama dokter jenius;positif;0.9883
dSq0Z5XpoLc;Pertemuan Bersejarah dr. Tirta dan dr. Gia;Raditya Dika;@Myflower21;Seru banget iniii😂 part 2 dong bang radit;2026-06-04T03:10:08Z;0;seru sekali inii part dong bang radit;positif;0.9905
dSq0Z5XpoLc;Pertemuan Bersejarah dr. Tirta dan dr. Gia;Raditya Dika;@YenitaYenita-nc9vl;Dengan Kepribadian Yg Kontras Justru Tambah Seru❤😂❤;2026-06-04T02:21:57Z;0;dengan kepribadian yang kontras justru tambah seru;negatif;0.9642
dSq0Z5XpoLc;Pertemuan Bersejarah dr. Tirta dan dr. Gia;Raditya Dika;@Kirya_C0re;kasih sayang vs kasih paham;2026-06-04T02:05:33Z;0;kasih sayang vs kasih paham;positif;0.995
dSq0Z5XpoLc;Pertemuan Bersejarah dr. Tirta dan dr. Gia;Raditya Dika;@MahiaKaputri;dokter tirta mirip maxwell banget ihh T_T;2026-06-04T01:33:01Z;0;dokter tirta mirip maxwell sekali ihh t_t;netral;0.7495
dSq0Z5XpoLc;Pertemuan Bersejarah dr. Tirta dan dr. Gia;Raditya Dika;@Fahira-y9h;Keren nih Collab nya😅😅 Raditya bagaikan sabun, yg berusaha menyatukan air dan minyak😂😂;2026-06-03T17:35:28Z;0;keren nih collab nya raditya bagaikan sabun yang berusaha menyatukan air dan minyak;positif;0.9924
dSq0Z5XpoLc;Pertemuan Bersejarah dr. Tirta dan dr. Gia;Raditya Dika;@LawakanRecehhh;54:01 😂;2026-06-03T15:20:06Z;0;;positif;0.8912
dSq0Z5XpoLc;Pertemuan Bersejarah dr. Tirta dan dr. Gia;Raditya Dika;@HusenRiduan;"54:21
dr gia  : Sushi
dr tirta : 🗣️SHOTO";2026-06-03T08:15:05Z;0;dari gia sushi dari tirta shoto;netral;0.9754
dSq0Z5XpoLc;Pertemuan Bersejarah dr. Tirta dan dr. Gia;Raditya Dika;@Kiki-siQQ;Dika ky lg momong ade2nya;2026-06-03T08:09:57Z;0;dika ky lagi momong ade2nya;negatif;0.869
dSq0Z5XpoLc;Pertemuan Bersejarah dr. Tirta dan dr. Gia;Raditya Dika;@sehatsantaii;Haha 😂;2026-06-03T05:30:33Z;0;haha;negatif;0.9441
dSq0Z5XpoLc;Pertemuan Bersejarah dr. Tirta dan dr. Gia;Raditya Dika;@havizulumam4836;🤣🤣🤣;2026-06-02T19:58:14Z;0;;positif;0.8912
dSq0Z5XpoLc;Pertemuan Bersejarah dr. Tirta dan dr. Gia;Raditya Dika;@wulanramadani8603;"Kalau pasien berobat sama dokter tirta malah parah jadinya
Dokter tirta kasar
Dokter Gia halus";2026-06-02T14:59:37Z;0;kalau pasien berobat sama dokter tirta malah parah jadinya dokter tirta kasar dokter gia halus;negatif;0.9952
dSq0Z5XpoLc;Pertemuan Bersejarah dr. Tirta dan dr. Gia;Raditya Dika;@AhmadReza-s5e3u;Iklan nya lama banget;2026-06-02T03:17:39Z;0;iklan nya lama sekali;negatif;0.9955
dSq0Z5XpoLc;Pertemuan Bersejarah dr. Tirta dan dr. Gia;Raditya Dika;@Muhammad-k1s7j;Maca ci;2026-06-01T11:14:18Z;0;maca ci;positif;0.7475
dSq0Z5XpoLc;Pertemuan Bersejarah dr. Tirta dan dr. Gia;Raditya Dika;@maulanaalfahri494;Cerita pertama terlalu dongeng mas gia;2026-06-01T06:58:52Z;0;cerita pertama terlalu dongeng mas gia;negatif;0.9926
dSq0Z5XpoLc;Pertemuan Bersejarah dr. Tirta dan dr. Gia;Raditya Dika;@brownnsugarrrrro_o;"dr. gia : aku salmon lgi 😊
dr. tirta : SOTO! SOTO TANPA KECAP 😡!";2026-06-01T06:07:18Z;1;dari gia saya salmon lagi dari tirta soto soto tanpa kecap;negatif;0.8306
dSq0Z5XpoLc;Pertemuan Bersejarah dr. Tirta dan dr. Gia;Raditya Dika;@maharinihendrarti9850;Smg program bayi tabung dr Gia berhasil. Aamiin.....;2026-06-01T04:57:34Z;0;semoga program bayi tabung dari gia berhasil amin;netral;0.9159
dSq0Z5XpoLc;Pertemuan Bersejarah dr. Tirta dan dr. Gia;Raditya Dika;@brownnsugarrrrro_o;DR. TIRTA NAKALL BGTTT IH 😭😭;2026-06-01T04:54:15Z;1;dari tirta nakall bgtt ih;negatif;0.9956
dSq0Z5XpoLc;Pertemuan Bersejarah dr. Tirta dan dr. Gia;Raditya Dika;@adrieljosephgulo;ternyata surga dan neraka tuh bisa dipertemukan yakkk ??? wkwk 😅😅😂😂;2026-06-01T03:11:23Z;1;ternyata surga dan neraka tuh bisa dipertemukan yakk wkwk;negatif;0.9957
dSq0Z5XpoLc;Pertemuan Bersejarah dr. Tirta dan dr. Gia;Raditya Dika;@Sharelife_14;"dr Trita : ingatan terjauh berdiri beraknya bulet kek bakso.
dr Gia : Main Lego 
😭";2026-05-31T21:32:22Z;2;dari trita ingatan terjauh berdiri beraknya bulet kek bakso dari gia main lego;positif;0.6798
dSq0Z5XpoLc;Pertemuan Bersejarah dr. Tirta dan dr. Gia;Raditya Dika;@effrienpocci;Dokter tirta kan suka soto coba di sidoarjo dong dok ada soto MU;2026-05-31T18:21:06Z;0;dokter tirta kan suka soto coba di sidoarjo dong dok ada soto mu;positif;0.6047
dSq0Z5XpoLc;Pertemuan Bersejarah dr. Tirta dan dr. Gia;Raditya Dika;@ReizalKirana;"54:00 

dr. gia: cinta salmon aku😊😊

dr. Tirta: SOTO SOTO TANPA KECAP😡😡😡";2026-05-31T13:56:26Z;0;dari gia cinta salmon saya dari tirta soto soto tanpa kecap;positif;0.9898
dSq0Z5XpoLc;Pertemuan Bersejarah dr. Tirta dan dr. Gia;Raditya Dika;@10.Biantara;😮;2026-05-31T11:28:46Z;1;;positif;0.8912
dSq0Z5XpoLc;Pertemuan Bersejarah dr. Tirta dan dr. Gia;Raditya Dika;@AnisaUlii_nyawit;Ngakak bgt sama citot;2026-05-31T10:36:56Z;1;terbahak-bahak sangat sama citot;positif;0.5999
dSq0Z5XpoLc;Pertemuan Bersejarah dr. Tirta dan dr. Gia;Raditya Dika;@AnisaUlii_nyawit;Ketawanya dokter Gia ketawa CEO;2026-05-31T09:58:46Z;1;ketawanya dokter gia tertawa ceo;positif;0.9002
dSq0Z5XpoLc;Pertemuan Bersejarah dr. Tirta dan dr. Gia;Raditya Dika;@latifiaputriarifin3468;dr. Gia positive vibes bangett😭🙂;2026-05-31T09:08:53Z;1;dari gia positive vibes sangat;positif;0.9765
dSq0Z5XpoLc;Pertemuan Bersejarah dr. Tirta dan dr. Gia;Raditya Dika;@latifiaputriarifin3468;Ga berhenti ngakak😭🤣;2026-05-31T09:08:20Z;1;tidak berhenti terbahak-bahak;positif;0.9937
dSq0Z5XpoLc;Pertemuan Bersejarah dr. Tirta dan dr. Gia;Raditya Dika;@davidpratama037;😂😂😂😂 44:12 tirta 3 tahun;2026-05-30T18:55:50Z;1;tirta tahun;netral;0.884
dSq0Z5XpoLc;Pertemuan Bersejarah dr. Tirta dan dr. Gia;Raditya Dika;@CeciliaEkaristi;7:02  plsss ngakak😭💔;2026-05-30T17:56:06Z;1;plss terbahak-bahak;positif;0.7942
dSq0Z5XpoLc;Pertemuan Bersejarah dr. Tirta dan dr. Gia;Raditya Dika;@mypomenude1;"Dr Gia : Hashirama
Dr. Tirta : Madara uchiha
Raditya dika : kuchiyose pakkun";2026-05-30T15:48:17Z;2;dari gia hashirama dari tirta madara uchiha raditya dika kuchiyose pakkun;netral;0.9305
dSq0Z5XpoLc;Pertemuan Bersejarah dr. Tirta dan dr. Gia;Raditya Dika;@Dyvvvv;1:05:36 ga espek pake Jersey 😭;2026-05-30T14:10:13Z;2;tidak espek pakai jersey;negatif;0.9725
dSq0Z5XpoLc;Pertemuan Bersejarah dr. Tirta dan dr. Gia;Raditya Dika;@aurissya;Dr Tirta disini kek bocah baru lahiran aslinya bocah masa sakit pinggang😭🙏🏻;2026-05-30T11:28:12Z;4;dari tirta disini kek bocah baru lahiran aslinya bocah masa sakit pinggang;negatif;0.9819
dSq0Z5XpoLc;Pertemuan Bersejarah dr. Tirta dan dr. Gia;Raditya Dika;@beniqnoabdillah;radit sengaja banget;2026-05-30T09:34:15Z;1;radit sengaja sekali;negatif;0.9903
dSq0Z5XpoLc;Pertemuan Bersejarah dr. Tirta dan dr. Gia;Raditya Dika;@kayycaine;dr.tirta :sigma boy sigma boy sigma sigma sigma boy;2026-05-30T06:43:51Z;1;dari tirta sigma boy sigma boy sigma sigma sigma boy;netral;0.9798
dSq0Z5XpoLc;Pertemuan Bersejarah dr. Tirta dan dr. Gia;Raditya Dika;@Dera_id;Yah IQ-nya kalah sama Reza arab😂;2026-05-30T04:53:41Z;1;yah iq nya kalah sama reza arab;negatif;0.996
dSq0Z5XpoLc;Pertemuan Bersejarah dr. Tirta dan dr. Gia;Raditya Dika;@mydreamsanctuary;ga heran mereka jadi dokter, aslinya dah jenius;2026-05-29T19:14:57Z;2;tidak heran mereka jadi dokter aslinya sudah jenius;negatif;0.9917
dSq0Z5XpoLc;Pertemuan Bersejarah dr. Tirta dan dr. Gia;Raditya Dika;@UmmuRidwan-k3r;Seru kurang lama durasi nya😂;2026-05-29T17:31:03Z;1;seru kurang lama durasi nya;negatif;0.6426
dSq0Z5XpoLc;Pertemuan Bersejarah dr. Tirta dan dr. Gia;Raditya Dika;@ariyaa-;Low cortisol vs High cortisol;2026-05-29T11:56:21Z;1;kalau cortisol vs high cortisol;netral;0.9566
dSq0Z5XpoLc;Pertemuan Bersejarah dr. Tirta dan dr. Gia;Raditya Dika;@Togevv;Terima kasih banyak;2026-05-29T04:37:58Z;1;terima kasih banyak;positif;0.9969
dSq0Z5XpoLc;Pertemuan Bersejarah dr. Tirta dan dr. Gia;Raditya Dika;@heroesfoodandrinks;John Petrucci & Mike Portnoy;2026-05-29T02:47:38Z;0;john petrucci mike portnoy;netral;0.9742
dSq0Z5XpoLc;Pertemuan Bersejarah dr. Tirta dan dr. Gia;Raditya Dika;@ep4394;1 bulan 15 jt penonton;2026-05-28T22:32:03Z;1;bulan jt penonton;netral;0.7382
dSq0Z5XpoLc;Pertemuan Bersejarah dr. Tirta dan dr. Gia;Raditya Dika;@oldastory;dokter gia kek dosen ku, senyam senyum ramah dikelas. nilai keluar ,satu kelas D. sesak napas kan, bahaya banget dr gia ini 😂;2026-05-28T16:08:53Z;0;dokter gia kek dosen ku senyam senyum ramah dikelas nilai keluar satu kelas d sesak nafas kan bahaya sekali dari gia ini;negatif;0.6952
dSq0Z5XpoLc;Pertemuan Bersejarah dr. Tirta dan dr. Gia;Raditya Dika;@manusiahidup6517;44:34 nakal bgt ihhhhhhh😭😭😭😭😭😭😭;2026-05-28T15:27:51Z;0;nakal sangat ihh;negatif;0.9959
dSq0Z5XpoLc;Pertemuan Bersejarah dr. Tirta dan dr. Gia;Raditya Dika;@bundatigaputri3357;Penutupan yang bikin dr.Tirta jengkel 😂😂😂😂;2026-05-28T13:36:03Z;1;penutupan yang bikin dari tirta jengkel;negatif;0.996
dSq0Z5XpoLc;Pertemuan Bersejarah dr. Tirta dan dr. Gia;Raditya Dika;@numbereighten;"44:48 pantes sering teriak2 ""NGISING"".";2026-05-28T13:18:26Z;0;pantes sering teriak2 ngising;negatif;0.7535
dSq0Z5XpoLc;Pertemuan Bersejarah dr. Tirta dan dr. Gia;Raditya Dika;@kharisma31001;bener bener definisi tentram vs tantrum🤣😭;2026-05-28T12:39:44Z;0;benar benar definisi tentram vs tantrum;positif;0.7625
dSq0Z5XpoLc;Pertemuan Bersejarah dr. Tirta dan dr. Gia;Raditya Dika;@stevxtrl;1:07:05  alergi jersey mu 😭😭 kocak bgt;2026-05-28T11:58:42Z;0;alergi jersey mu kocak sangat;negatif;0.9166
dSq0Z5XpoLc;Pertemuan Bersejarah dr. Tirta dan dr. Gia;Raditya Dika;@Mikazuki_Alya;"kak gem : Paham! 
dr.tirta : PAHAM KAU! 
dr gia : paham, kau~";2026-05-28T05:36:45Z;0;kak gem paham dari tirta paham kamu dari gia paham kamu;negatif;0.9457
dSq0Z5XpoLc;Pertemuan Bersejarah dr. Tirta dan dr. Gia;Raditya Dika;@KiranaSafa-s3e;"POV: ngomong paham kau
Dr. Tirta: PAHAM KAU!!!😡😡
Dr. Gia: Paham kau💐🎀💅🏻💅🏻";2026-05-28T04:20:04Z;0;pov bicara paham kamu dari tirta paham kamu dari gia paham kamu;negatif;0.9318
dSq0Z5XpoLc;Pertemuan Bersejarah dr. Tirta dan dr. Gia;Raditya Dika;@desainisme;54:02 yang nyariin makanan favorit wkwk;2026-05-28T04:12:04Z;1;yang nyariin makanan favorit wkwk;netral;0.5983
dSq0Z5XpoLc;Pertemuan Bersejarah dr. Tirta dan dr. Gia;Raditya Dika;@khadeejayasmin5061;Gimana ga gagal wawancara nya org nge gas mulu😂;2026-05-28T01:52:57Z;0;gimana tidak gagal wawancara nya orang nge gas terus;negatif;0.9936
dSq0Z5XpoLc;Pertemuan Bersejarah dr. Tirta dan dr. Gia;Raditya Dika;@khadeejayasmin5061;Luar biasa IQ nya lebih dr 140;2026-05-28T01:46:58Z;0;luar biasa iq nya lebih dari;negatif;0.5166
dSq0Z5XpoLc;Pertemuan Bersejarah dr. Tirta dan dr. Gia;Raditya Dika;@khadeejayasmin5061;Bruderan....;2026-05-28T01:43:33Z;0;bruderan;netral;0.9405
dSq0Z5XpoLc;Pertemuan Bersejarah dr. Tirta dan dr. Gia;Raditya Dika;@khadeejayasmin5061;Perawat jg bs jd guru buat dokter muda yaa;2026-05-28T01:42:15Z;0;perawat juga bisa jadi guru buat dokter muda yaa;netral;0.7412
dSq0Z5XpoLc;Pertemuan Bersejarah dr. Tirta dan dr. Gia;Raditya Dika;@SalmanNgemplek;Sejak awal dr. Tirta muncul di alam dunia Maya, saya langsung suka karna beliau orang cerdas , jos sampean ...;2026-05-28T01:25:14Z;0;sejak awal dari tirta muncul di alam dunia maya saya langsung suka karena beliau orang cerdas jos sampean;positif;0.9931
dSq0Z5XpoLc;Pertemuan Bersejarah dr. Tirta dan dr. Gia;Raditya Dika;@Lutvan13;Lah njir abis nonton chenluc malah direkomen yang doksli;2026-05-27T14:19:58Z;0;lah njir abis nonton chenluc malah direkomen yang doksli;negatif;0.9912
dSq0Z5XpoLc;Pertemuan Bersejarah dr. Tirta dan dr. Gia;Raditya Dika;@pambudigaming3261;14:13 AAAAAAAA;2026-05-27T13:33:49Z;1;aa;negatif;0.909
dSq0Z5XpoLc;Pertemuan Bersejarah dr. Tirta dan dr. Gia;Raditya Dika;@yennyfatmasari2039;Cara sobek kado nya aja udh keliatan ya gesss 🙏🏻 hahaha;2026-05-27T11:54:56Z;0;cara sobek kado nya saja sudah kelihatan ya gess hahaha;negatif;0.9909
dSq0Z5XpoLc;Pertemuan Bersejarah dr. Tirta dan dr. Gia;Raditya Dika;@nabilanisa761;ga nyangka udah 2 populer;2026-05-27T10:09:57Z;1;tidak sangka sudah populer;negatif;0.9858
dSq0Z5XpoLc;Pertemuan Bersejarah dr. Tirta dan dr. Gia;Raditya Dika;@NMT2811;Pantesan aku suka dr. Gia, ternyata sama2 MU mania ❤❤❤❤ GG MU 😂;2026-05-27T09:31:27Z;0;pantas saya suka dari gia ternyata sama2 mu mania gg mu;positif;0.9959
dSq0Z5XpoLc;Pertemuan Bersejarah dr. Tirta dan dr. Gia;Raditya Dika;@dramamamak696;"😂😂😂😂😂❤ doctorr gia pertanyaannya""momen apa tersesat membela liverpool🤣🤣🤣🤣🤣,gogo..the RED DEVIL IS BACK😂😂😂";2026-05-27T08:46:40Z;0;doctorr gia pertanyaannya momen apa tersesat membela liverpool gogo the red devil is back;netral;0.7569
dSq0Z5XpoLc;Pertemuan Bersejarah dr. Tirta dan dr. Gia;Raditya Dika;@ZiyuTianlei;"Kalo di gaming ada 
Papa kehidupan : bang regi
Papa kematian : bang windah

Skrng di kedokteran 
Low cortisol : dr. Gia
High cortisol : dr. Tirta";2026-05-27T08:23:38Z;0;kalau di gaming ada papa kehidupan bang regi papa kematian bang windah sekarang di kedokteran kalau cortisol dari gia high cortisol dari tirta;netral;0.6046
dSq0Z5XpoLc;Pertemuan Bersejarah dr. Tirta dan dr. Gia;Raditya Dika;@Lutfi-b9t;"dokter gia = obat penenang
dokter tirta= obat doping";2026-05-27T07:12:15Z;0;dokter gia obat penenang dokter tirta obat doping;netral;0.98
dSq0Z5XpoLc;Pertemuan Bersejarah dr. Tirta dan dr. Gia;Raditya Dika;@KliwonNoise;MAJU KABEHH!!!!!  SIKATTTT!!;2026-05-27T06:55:26Z;0;maju kabehh sikatt;positif;0.9605
dSq0Z5XpoLc;Pertemuan Bersejarah dr. Tirta dan dr. Gia;Raditya Dika;@yan8832;Gara gara dr Gia aku jd mulai buka buka media dr Tirta,krn dr Gia  positif thinking ,dr Tirta ikutan jd lbh ke humor..jd mulai liat liat..;2026-05-27T03:12:53Z;0;gara gara dari gia saya jadi mulai buka buka media dari tirta karena dari gia positif thinking dari tirta ikutan jadi lebih ke humor jadi mulai liat liat;positif;0.9491
dSq0Z5XpoLc;Pertemuan Bersejarah dr. Tirta dan dr. Gia;Raditya Dika;@raiaputri;41:52 same expression👊🏻🤣;2026-05-27T01:39:44Z;0;same expression;netral;0.9041
dSq0Z5XpoLc;Pertemuan Bersejarah dr. Tirta dan dr. Gia;Raditya Dika;@rifqicharisma9906;57:50 😭;2026-05-27T00:59:02Z;0;;positif;0.8912
dSq0Z5XpoLc;Pertemuan Bersejarah dr. Tirta dan dr. Gia;Raditya Dika;@PrasaKata-is3bo;Halo dok vs Halo Cok;2026-05-27T00:08:02Z;0;halo dok vs halo cok;netral;0.9823
dSq0Z5XpoLc;Pertemuan Bersejarah dr. Tirta dan dr. Gia;Raditya Dika;@NovaZahra-p4s9j;Sumpah ini PODCAST TERNGAKAK, tercengang sama dr GIA TIBA2 buka baju yang semangat banget manasin dr TIRTA😂😂 plisss kalian seru bangett!!! Semua orang harus NONTON😅😅😅;2026-05-26T17:06:26Z;0;sumpah ini podcast terngakak tercengang sama dari gia tiba2 buka baju yang semangat sekali manasin dari tirta pliss kalian seru sangat semua orang harus nonton;positif;0.9717
dSq0Z5XpoLc;Pertemuan Bersejarah dr. Tirta dan dr. Gia;Raditya Dika;@Achmd.666;Suara hati yg bocor😂 55:08;2026-05-26T14:57:04Z;0;suara hati yang bocor;negatif;0.9941
dSq0Z5XpoLc;Pertemuan Bersejarah dr. Tirta dan dr. Gia;Raditya Dika;@DurahmanJalaludin-y1j6g;"Pantesan ke jogja orng solo aja ke jogja jadi nya 

Saya akan lawan😂😂";2026-05-26T13:29:16Z;0;pantas ke jogja orang solo saja ke jogja jadi nya saya akan lawan;negatif;0.9805
dSq0Z5XpoLc;Pertemuan Bersejarah dr. Tirta dan dr. Gia;Raditya Dika;@SlazaaA-iw7yt;Jujur ini deserves banget bersejarah dan top 2 popular vid nya radit karna semua full menghibur tanpa iklan secara eksplisit jd ga pernah bosen tonton ulang;2026-05-26T13:28:38Z;0;jujur ini deserves sekali bersejarah dan top popular vid nya radit karena semua full menghibur tanpa iklan secara eksplisit jadi tidak pernah bosan tonton ulang;positif;0.9975
dSq0Z5XpoLc;Pertemuan Bersejarah dr. Tirta dan dr. Gia;Raditya Dika;@Endangkr;Sy teman kuliah mas Sutarjo ayahnya dokter Tirta , lembut santun ibunya juga;2026-05-26T12:16:32Z;2;saya teman kuliah mas sutarjo ayahnya dokter tirta lembut santun ibunya juga;positif;0.9017
dSq0Z5XpoLc;Pertemuan Bersejarah dr. Tirta dan dr. Gia;Raditya Dika;@rizkiyt2865;"dr gia : swasta
dr tirta : bpjs 
😂";2026-05-26T11:39:26Z;4;dari gia swasta dari tirta bpjs;netral;0.9783
dSq0Z5XpoLc;Pertemuan Bersejarah dr. Tirta dan dr. Gia;Raditya Dika;@IamYourBanana;"""Eek Bulat kayak Bakso!!"" Cok Sakit perut🤣🤣🤣";2026-05-26T11:33:41Z;0;eek bulat mirip bakso cok sakit perut;positif;0.6804
dSq0Z5XpoLc;Pertemuan Bersejarah dr. Tirta dan dr. Gia;Raditya Dika;@WidiaFitri-ip6fn;😭;2026-05-26T09:12:37Z;0;;positif;0.8912
dSq0Z5XpoLc;Pertemuan Bersejarah dr. Tirta dan dr. Gia;Raditya Dika;@fadira-official.;Kasih tau vs kasih paham;2026-05-26T08:34:46Z;0;kasih tahu vs kasih paham;positif;0.9575
dSq0Z5XpoLc;Pertemuan Bersejarah dr. Tirta dan dr. Gia;Raditya Dika;@Grandchiter45;SURAJ PATEL YT;2026-05-26T08:08:35Z;0;suraj patel yt;netral;0.9465
dSq0Z5XpoLc;Pertemuan Bersejarah dr. Tirta dan dr. Gia;Raditya Dika;@01ayakirana01;bener bgt lagi suasana gramed bikin kebelet poop 😭😭;2026-05-26T06:01:21Z;0;benar sangat lagi suasana gramed bikin kebelet poop;positif;0.9854
dSq0Z5XpoLc;Pertemuan Bersejarah dr. Tirta dan dr. Gia;Raditya Dika;@faizkerehore1431;MU vs Liverpool;2026-05-26T03:04:57Z;0;mu vs liverpool;negatif;0.7927
dSq0Z5XpoLc;Pertemuan Bersejarah dr. Tirta dan dr. Gia;Raditya Dika;@JamesssBryanttt;13:44   🤣🤣🤣🤣🤣🤣🤣🤣;2026-05-26T00:49:09Z;0;;positif;0.8912
dSq0Z5XpoLc;Pertemuan Bersejarah dr. Tirta dan dr. Gia;Raditya Dika;@blubblubblubbubub;Sedikit lagiiiiiiiiiiii jadi top two Raditya Dika's video!!!;2026-05-26T00:40:12Z;2;sedikit lagii jadi top two raditya dika s video;netral;0.8267
dSq0Z5XpoLc;Pertemuan Bersejarah dr. Tirta dan dr. Gia;Raditya Dika;@estimanafe1506;Ini gak cuman dokter yang kayak gini, tenaga kesehatan pada umumnya dah 😂;2026-05-25T17:56:36Z;0;ini tidak hanya dokter yang mirip gini tenaga kesehatan pada umumnya sudah;positif;0.59
dSq0Z5XpoLc;Pertemuan Bersejarah dr. Tirta dan dr. Gia;Raditya Dika;@growwithsand;54:04 scene animasi oryza;2026-05-25T16:08:20Z;0;scene animasi oryza;netral;0.9752
dSq0Z5XpoLc;Pertemuan Bersejarah dr. Tirta dan dr. Gia;Raditya Dika;@wiwi_24-c4w;apaan tiba tiba sigma boy😭😭;2026-05-25T15:22:23Z;0;apaan tiba tiba sigma boy;negatif;0.9412
dSq0Z5XpoLc;Pertemuan Bersejarah dr. Tirta dan dr. Gia;Raditya Dika;@DariyahDariyah-u3p;Pdhl klo menurut fengshui cina, bentuk kuping kaya dr Gia itu emosional, gampang ngamuk.;2026-05-25T13:39:47Z;0;padahal kalau menurut fengshui cina bentuk kuping kaya dari gia itu emosional gampang ngamuk;negatif;0.9955
dSq0Z5XpoLc;Pertemuan Bersejarah dr. Tirta dan dr. Gia;Raditya Dika;@sriyudaningsih-v7q;"dr GIA bikin adem, pasien pasti seneng jd nurut bs sembuh.
dr TIRTA bikin emosi, pasien jd marah, jd darah tinggi penyakit g jd sembuh mlh  semakin parah.😅😅😅";2026-05-25T06:53:28Z;0;dari gia bikin adem pasien pasti senang jadi nurut bisa sembuh dari tirta bikin emosi pasien jadi marah jadi darah tinggi penyakit tidak jadi sembuh mlh semakin parah;negatif;0.9765
dSq0Z5XpoLc;Pertemuan Bersejarah dr. Tirta dan dr. Gia;Raditya Dika;@HaikalRasyid-d8j;14 tahun kuliah 😂;2026-05-25T06:14:39Z;0;tahun kuliah;netral;0.9266
dSq0Z5XpoLc;Pertemuan Bersejarah dr. Tirta dan dr. Gia;Raditya Dika;@nellysihotang1310;ha ha ha ha ha ha ha ha ha;2026-05-25T05:56:58Z;0;ha ha ha ha ha ha ha ha ha;netral;0.9126
dSq0Z5XpoLc;Pertemuan Bersejarah dr. Tirta dan dr. Gia;Raditya Dika;@Saswanto123;Saya  bangga  dengan  doktor  tirta  apa yamg di bicarakan  fakta   dalam kehipan;2026-05-25T05:37:13Z;0;saya bangga dengan doktor tirta apa yamg di bicarakan fakta dalam kehipan;positif;0.9858
dSq0Z5XpoLc;Pertemuan Bersejarah dr. Tirta dan dr. Gia;Raditya Dika;@dewasetya2415;bahaGIA vs TIRTAntrum 😂;2026-05-25T02:52:15Z;2;bahagia vs tirtantrum;positif;0.9855
dSq0Z5XpoLc;Pertemuan Bersejarah dr. Tirta dan dr. Gia;Raditya Dika;@kumbangultramen;🤣;2026-05-24T20:49:15Z;0;;positif;0.8912
dSq0Z5XpoLc;Pertemuan Bersejarah dr. Tirta dan dr. Gia;Raditya Dika;@cheesezykook;tau gaa aku nonton ini udh rewatch 4x ini 😂;2026-05-24T14:43:25Z;2;tahu gaa saya nonton ini sudah rewatch 4x ini;netral;0.6091
dSq0Z5XpoLc;Pertemuan Bersejarah dr. Tirta dan dr. Gia;Raditya Dika;@MM-Yud1;Bener yin n yang;2026-05-24T14:39:15Z;0;benar yin n yang;positif;0.9698
dSq0Z5XpoLc;Pertemuan Bersejarah dr. Tirta dan dr. Gia;Raditya Dika;@Sylvia_kewl;Di solo soto seger namanya;2026-05-24T14:21:09Z;0;di solo soto seger namanya;netral;0.8547
dSq0Z5XpoLc;Pertemuan Bersejarah dr. Tirta dan dr. Gia;Raditya Dika;@sitiroqayah_siro;aku pernah di marahin dokter chines gitu, padahal aku cuman tanya kondisi hasil USG aja. sampe nangis;2026-05-24T13:53:54Z;0;saya pernah di marahin dokter chines begitu padahal saya hanya tanya kondisi hasil usg saja sampai nangis;negatif;0.9954
dSq0Z5XpoLc;Pertemuan Bersejarah dr. Tirta dan dr. Gia;Raditya Dika;@SarahLyora;menit akhir plot twist banget😭;2026-05-24T03:58:32Z;1;menit akhir plot twist sekali;negatif;0.9612
dSq0Z5XpoLc;Pertemuan Bersejarah dr. Tirta dan dr. Gia;Raditya Dika;@lineezyss;GA KUAT LUCU BGT😭😭;2026-05-24T01:05:01Z;0;tidak kuat lucu sangat;negatif;0.9959
dSq0Z5XpoLc;Pertemuan Bersejarah dr. Tirta dan dr. Gia;Raditya Dika;@ViyanaYauaja-j3w;Halus vs kasar😭😭;2026-05-23T23:54:03Z;0;halus vs kasar;negatif;0.9943
dSq0Z5XpoLc;Pertemuan Bersejarah dr. Tirta dan dr. Gia;Raditya Dika;@ayup_kusuna9044;hoodienya ilang 35:56😂😂😂;2026-05-23T14:58:28Z;0;hoodienya ilang;negatif;0.9924
dSq0Z5XpoLc;Pertemuan Bersejarah dr. Tirta dan dr. Gia;Raditya Dika;@arkavondFams;"dr Gia : Nyiapin Ayat Kursi buat ngusir setan
dr Tirta : Nyiapin Kursi buat mukul setan
😂😂😂";2026-05-23T14:45:10Z;0;dari gia nyiapin ayat kursi buat ngusir setan dari tirta nyiapin kursi buat mukul setan;negatif;0.9943
dSq0Z5XpoLc;Pertemuan Bersejarah dr. Tirta dan dr. Gia;Raditya Dika;@essalim7672;adik iparku perawat di salah satu rumah sakit di singapore sdh 37 thn, doctor2 dia yg ngatur siapin jadwal operasi doctor sekarang anak ku yg paling kecil sdh jadi doctor sama kerja satu rmh sakit selalu di ajarin sama auntie nya;2026-05-23T09:20:24Z;0;adik iparku perawat di salah satu rumah sakit di singapore sudah tahun doctor2 dia yang ngatur siapin jadwal operasi doctor sekarang anak ku yang paling kecil sudah jadi doctor sama kerja satu rumah sakit selalu di ajarin sama auntie nya;positif;0.9437
dSq0Z5XpoLc;Pertemuan Bersejarah dr. Tirta dan dr. Gia;Raditya Dika;@MandalaAdjisaka;"14 JUTA VIEW 😮 entah sampai berapa
Aku aja lihat ini udah 13 kali";2026-05-23T05:39:32Z;3;juta view entah sampai berapa saya saja lihat ini sudah kali;negatif;0.9785
dSq0Z5XpoLc;Pertemuan Bersejarah dr. Tirta dan dr. Gia;Raditya Dika;@agungzaneti2879;Api dan air ajg😅;2026-05-23T02:36:51Z;0;api dan air ajg;netral;0.6812
dSq0Z5XpoLc;Pertemuan Bersejarah dr. Tirta dan dr. Gia;Raditya Dika;@blubblubblubbubub;Yeayyyy top three di kanal ini 🎉🎉🎉;2026-05-22T23:36:29Z;0;yeayy top three di kanal ini;netral;0.9137
dSq0Z5XpoLc;Pertemuan Bersejarah dr. Tirta dan dr. Gia;Raditya Dika;@muhammadwasirotulmustofa6213;Kmayu vs lanang;2026-05-22T22:12:44Z;0;kmayu vs lanang;netral;0.9507
dSq0Z5XpoLc;Pertemuan Bersejarah dr. Tirta dan dr. Gia;Raditya Dika;@SitiNapsijati;Jadi mengerti keadaan manusia sedang membutuhkan pertolongan sakit parah...;2026-05-22T21:04:16Z;0;jadi mengerti keadaan manusia sedang membutuhkan pertolongan sakit parah;netral;0.4615
dSq0Z5XpoLc;Pertemuan Bersejarah dr. Tirta dan dr. Gia;Raditya Dika;@shopayakira675;Lucu banget, udah nonton berapa kali ya kwjkwkwkw;2026-05-22T17:26:37Z;0;lucu sekali sudah nonton berapa kali ya kwjkwkwkw;positif;0.9243
dSq0Z5XpoLc;Pertemuan Bersejarah dr. Tirta dan dr. Gia;Raditya Dika;@husnimubarak7799;"Dr. Gia: Kualitas
Dr. Tirta: Kuantitas";2026-05-22T15:19:09Z;0;dari gia kualitas dari tirta kuantitas;netral;0.5718
dSq0Z5XpoLc;Pertemuan Bersejarah dr. Tirta dan dr. Gia;Raditya Dika;@nurazirah9260;"""MUKAMU KAYA CANGKIR..""😂 ngakak🤣🤣";2026-05-22T12:17:15Z;1;mukamu kaya cangkir terbahak-bahak;negatif;0.9957
dSq0Z5XpoLc;Pertemuan Bersejarah dr. Tirta dan dr. Gia;Raditya Dika;@dami_1-y3l;Ini mah seperti bang windah sama bang regi😂;2026-05-22T11:52:22Z;0;ini mah seperti bang windah sama bang regi;negatif;0.9943
dSq0Z5XpoLc;Pertemuan Bersejarah dr. Tirta dan dr. Gia;Raditya Dika;@Rullzzyola;"Yg bilang SOOOTOOOOOO
Di menit berapa 😭";2026-05-22T11:09:35Z;1;yang bilang sootoo di menit berapa;negatif;0.9769
dSq0Z5XpoLc;Pertemuan Bersejarah dr. Tirta dan dr. Gia;Raditya Dika;@hudanyazid9008;Dokter umum vs dokter bpjs;2026-05-22T11:01:02Z;1;dokter umum vs dokter bpjs;netral;0.9829
dSq0Z5XpoLc;Pertemuan Bersejarah dr. Tirta dan dr. Gia;Raditya Dika;@SeriNurseh;BANG. AKU CiNTA KAMU;2026-05-22T06:09:43Z;0;bang saya cinta kamu;positif;0.9967
dSq0Z5XpoLc;Pertemuan Bersejarah dr. Tirta dan dr. Gia;Raditya Dika;@SeriNurseh;Aku anak. SDN bang;2026-05-22T06:08:45Z;0;saya anak sdn bang;positif;0.9294
dSq0Z5XpoLc;Pertemuan Bersejarah dr. Tirta dan dr. Gia;Raditya Dika;@pahjritrisaputro7941;Andai semua dokter kek gini 😂😂😂😂;2026-05-21T20:37:19Z;0;andai semua dokter kek gini;negatif;0.9657
dSq0Z5XpoLc;Pertemuan Bersejarah dr. Tirta dan dr. Gia;Raditya Dika;@rombi9674;Kasian dr Gia baru juga ngomong Lego ceritanya habis ke dr Tirta nyeritain pup 🗿;2026-05-21T18:18:00Z;2;kasihan dari gia baru juga bicara lego ceritanya habis ke dari tirta nyeritain pup;negatif;0.9881
dSq0Z5XpoLc;Pertemuan Bersejarah dr. Tirta dan dr. Gia;Raditya Dika;@EireenMikaylaQalesya;"Cipeng

Citot

Asli skit perut gegara ketawa😂😂";2026-05-21T15:40:04Z;1;cipeng citot asli sakit perut gegara tertawa;negatif;0.996
dSq0Z5XpoLc;Pertemuan Bersejarah dr. Tirta dan dr. Gia;Raditya Dika;@suciwulanlestary;kalau liat dr. Tirta suka inget Desmond Simon Arthur yang anak kecil suka cobain makanan di Channel HiHo kids 😂;2026-05-21T11:46:24Z;0;kalau liat dari tirta suka ingat desmond simon arthur yang anak kecil suka cobain makanan di channel hiho kids;positif;0.9801
dSq0Z5XpoLc;Pertemuan Bersejarah dr. Tirta dan dr. Gia;Raditya Dika;@eiffelapel2;14:45 jujur lucu bgtt;2026-05-21T09:00:39Z;2;jujur lucu bgtt;positif;0.9961
dSq0Z5XpoLc;Pertemuan Bersejarah dr. Tirta dan dr. Gia;Raditya Dika;@anieshofiatun1052;Dr tirta 😂 org nya kocak APA adanya ceplas ceplos nya kesan galak tapi lucu menurut Aku Dan Dr Gia super kalem senyam senyum org yg ngga bisa marah;2026-05-21T07:13:48Z;0;dari tirta orang nya kocak apa adanya ceplas ceplos nya kesan galak tapi lucu menurut saya dan dari gia super kalem senyam senyum orang yang tidak bisa marah;positif;0.6834
dSq0Z5XpoLc;Pertemuan Bersejarah dr. Tirta dan dr. Gia;Raditya Dika;@nuroktaviani4798;Ngakak ke sini gara2 animasi makanan soto vs salmon pke gebrakan wkwkwk;2026-05-21T05:47:48Z;0;terbahak-bahak ke sini gara2 animasi makanan soto vs salmon pakai gebrakan wkwkwk;positif;0.5771
dSq0Z5XpoLc;Pertemuan Bersejarah dr. Tirta dan dr. Gia;Raditya Dika;@bayilucu5401;Yg BKIN ktawa tu malah yg suka marah tu, d pancing SM Radit JD kocak,, klu dr gia adem ayem soft spoken,, smga BS mnjlnin hri2 positif thinking kyk dokter  gia. SK bngt;2026-05-21T01:35:57Z;0;yang bikin ktawa itu malah yang suka marah itu d pancing sama radit jadi kocak kalau dari gia adem ayem soft spoken semoga bisa mnjlnin hri2 positif thinking kayak dokter gia sk sangat;positif;0.9699
dSq0Z5XpoLc;Pertemuan Bersejarah dr. Tirta dan dr. Gia;Raditya Dika;@AhmadKosim-sc8ez;tekanan;2026-05-21T00:50:39Z;0;tekanan;negatif;0.9806
dSq0Z5XpoLc;Pertemuan Bersejarah dr. Tirta dan dr. Gia;Raditya Dika;@ziizee27;😇 vs 👹;2026-05-20T20:19:22Z;1;vs;negatif;0.9698
dSq0Z5XpoLc;Pertemuan Bersejarah dr. Tirta dan dr. Gia;Raditya Dika;@Puti.aqilaa;"42:08 Jujur terharu banget denger dokter Gia tentang ""keajaiban"" ini... Seberat apapun hidup, jangan lupa kita adalah manusia-manusia yang ""terpilih"" ya, semoga kesulitan apapun yang sedang dihadapi bisa terselesaikan dengan baik";2026-05-20T18:28:19Z;22;jujur terharu sekali dengar dokter gia tentang keajaiban ini seberat apapun hidup jangan lupa kita adalah manusia manusia yang terpilih ya semoga kesulitan apapun yang sedang dihadapi bisa terselesaikan dengan baik;positif;0.9951
dSq0Z5XpoLc;Pertemuan Bersejarah dr. Tirta dan dr. Gia;Raditya Dika;@clay.spices;Boboiboy Air vs Boboiboy Api😅;2026-05-20T16:49:10Z;0;boboiboy air vs boboiboy api;netral;0.9769
dSq0Z5XpoLc;Pertemuan Bersejarah dr. Tirta dan dr. Gia;Raditya Dika;@Aganataart;54:20;2026-05-20T14:30:28Z;1;;positif;0.8912
dSq0Z5XpoLc;Pertemuan Bersejarah dr. Tirta dan dr. Gia;Raditya Dika;@veera_ch;"Dr. Gia: paham kau~
Dr. Tirta: PUAHAM KAUU!!";2026-05-20T13:36:34Z;0;dari gia paham kamu dari tirta puaham kauu;negatif;0.9949
dSq0Z5XpoLc;Pertemuan Bersejarah dr. Tirta dan dr. Gia;Raditya Dika;@bmurtopo;Tetep Liverpool sih ...;2026-05-20T11:33:24Z;0;tetap liverpool sih;negatif;0.9754
dSq0Z5XpoLc;Pertemuan Bersejarah dr. Tirta dan dr. Gia;Raditya Dika;@mteezivc;Gw suka bngt dua dokter di satuin,ayoo satuin lagi pls😂😂😂;2026-05-20T11:29:59Z;0;saya suka sangat dua dokter di satuin ayoo satuin lagi pls;positif;0.9966
dSq0Z5XpoLc;Pertemuan Bersejarah dr. Tirta dan dr. Gia;Raditya Dika;@FatimahAzzahra-n1t1l;57:58 mukanya bang wkwk ngakak bgt;2026-05-20T08:45:07Z;0;mukanya bang wkwk terbahak-bahak sangat;positif;0.938
dSq0Z5XpoLc;Pertemuan Bersejarah dr. Tirta dan dr. Gia;Raditya Dika;@psptaekaa;komen nya ngakak bgt😭😭😭😭;2026-05-20T05:20:47Z;0;komen nya terbahak-bahak sangat;positif;0.7712
dSq0Z5XpoLc;Pertemuan Bersejarah dr. Tirta dan dr. Gia;Raditya Dika;@Fania-y5x;yin dan yang🤣;2026-05-20T01:58:19Z;0;yin dan yang;negatif;0.9581
dSq0Z5XpoLc;Pertemuan Bersejarah dr. Tirta dan dr. Gia;Raditya Dika;@Xixi-v1n;Pas dr.Gia buka baju nunjukin Jersey, dr.Tirta MENCACI MAKI DIDALAM HATI UDAH PENGULANGAN;2026-05-19T23:59:56Z;1;pas dari gia buka baju nunjukin jersey dari tirta mencaci maki didalam hati sudah pengulangan;negatif;0.9933
dSq0Z5XpoLc;Pertemuan Bersejarah dr. Tirta dan dr. Gia;Raditya Dika;@rezkyputri8296;Bang radit vibes anak pertama, suka ga update slang, dr Gia anak tengah, dr tirta vibes anak bontot yang suka marah2 random 😂;2026-05-19T14:24:44Z;1;bang radit vibes anak pertama suka tidak update slang dari gia anak tengah dari tirta vibes anak bontot yang suka marah2 random;negatif;0.9886
dSq0Z5XpoLc;Pertemuan Bersejarah dr. Tirta dan dr. Gia;Raditya Dika;@agista009;kak radit sering seringg yaa bikin podcast sama dokter dokter ini sma dokter ikhsan juga, asli IQ ak pasti nambah nontonnya, seru tp mengedukasi bangett;2026-05-19T12:59:47Z;0;kak radit sering seringg yaa bikin podcast sama dokter dokter ini sma dokter ikhsan juga asli iq saya pasti tambah nontonnya seru tapi mengedukasi sangat;positif;0.9532
dSq0Z5XpoLc;Pertemuan Bersejarah dr. Tirta dan dr. Gia;Raditya Dika;@agunghidayat4345;Di tonton ulang masih lucu juga 😂;2026-05-19T11:41:03Z;0;di tonton ulang masih lucu juga;positif;0.9969
dSq0Z5XpoLc;Pertemuan Bersejarah dr. Tirta dan dr. Gia;Raditya Dika;@NacaChilieen;38:00 NGAKAK IH DR TIRTA;2026-05-19T10:26:34Z;0;terbahak-bahak ih dari tirta;positif;0.7448
dSq0Z5XpoLc;Pertemuan Bersejarah dr. Tirta dan dr. Gia;Raditya Dika;@yusufroni883gambus6;1:08:03 kayak ninja;2026-05-19T07:54:12Z;0;mirip ninja;negatif;0.9917
dSq0Z5XpoLc;Pertemuan Bersejarah dr. Tirta dan dr. Gia;Raditya Dika;@Rein13;"dr Gia itu ""dingin, tapi tidak kejam""
dr Tirta itu ""Aku? berlutut? cuhhh tidak akan!""";2026-05-19T07:25:26Z;3;dari gia itu dingin tapi tidak kejam dari tirta itu saya berlutut cuhh tidak akan;negatif;0.9793
dSq0Z5XpoLc;Pertemuan Bersejarah dr. Tirta dan dr. Gia;Raditya Dika;@Bocilcaper06;dr.tirta: SOTOO. SOTO TANPA KECAPP!! 54:22;2026-05-19T06:34:14Z;2;dari tirta sotoo soto tanpa kecapp;netral;0.8977
dSq0Z5XpoLc;Pertemuan Bersejarah dr. Tirta dan dr. Gia;Raditya Dika;@tatikindawati779;seru nya ya ktemuan, ngakak terus lihatnya heheheh....kalian seruu;2026-05-19T05:32:00Z;1;seru nya ya ktemuan terbahak-bahak terus lihatnya heheheh kalian seruu;negatif;0.9946
dSq0Z5XpoLc;Pertemuan Bersejarah dr. Tirta dan dr. Gia;Raditya Dika;@tribudiati9409;"Duuuuh dr.Tirta.....sy jg piyayi Solo... tp klu ada eyangku didukani  tuh suka omong arogan  ( tp sumpah bikin ketawa org)....klu ngomong tanpa tedeng aling2.

Pengalaman  pupi srintil  wedus ....lha kok ky cucuku wkt kecil, diajak  ke Mall, jg ada yg pup nya keluar dr celananya.

Nah bpk nya ( anak sy) ngliat dan yg terjadi anak sy mlh main tendang tanpa arah.
Bayangin ga klu dibawah pas Food court....😂😂😂";2026-05-19T05:23:55Z;0;duuh dari tirta saya juga piyayi solo tapi kalau ada eyangku didukani tuh suka omong arogan tapi sumpah bikin tertawa orang kalau bicara tanpa tedeng aling2 pengalaman pupi srintil wedus lha kok ky cucuku waktu kecil diajak ke mall juga ada yang pup nya keluar dari celananya nah bapak nya anak saya ngliat dan yang terjadi anak saya mlh main tendang tanpa arah bayangin tidak kalau dibawah pas food court;negatif;0.9947
dSq0Z5XpoLc;Pertemuan Bersejarah dr. Tirta dan dr. Gia;Raditya Dika;@DefitaYsr;🔥🔥🔥;2026-05-19T05:14:44Z;0;;positif;0.8912
dSq0Z5XpoLc;Pertemuan Bersejarah dr. Tirta dan dr. Gia;Raditya Dika;@hildaaska;seru bgttt dua dokter ini😭😭😭;2026-05-19T05:05:46Z;0;seru bgtt dua dokter ini;positif;0.9919
dSq0Z5XpoLc;Pertemuan Bersejarah dr. Tirta dan dr. Gia;Raditya Dika;@TiyaHariyati-g2p2u;Bang Radit, gada niatan ngundang dokter jantung, itu dokter yislam jadi yang kakanya Fadil jaidi;2026-05-19T03:43:46Z;1;bang radit tidak ada niatan ngundang dokter jantung itu dokter yislam jadi yang kakanya fadil jaidi;negatif;0.9877
dSq0Z5XpoLc;Pertemuan Bersejarah dr. Tirta dan dr. Gia;Raditya Dika;@audyaulia3323;Kasih sayang vs KASIH PAHAM BOS;2026-05-19T03:37:47Z;0;kasih sayang vs kasih paham bos;positif;0.9802
dSq0Z5XpoLc;Pertemuan Bersejarah dr. Tirta dan dr. Gia;Raditya Dika;@farrelpanjalu;padahal secara umur lebih tua radit drpd mereka berdua, tp knp vibesnya dr.gia sma dr.tirta kayak bapak2 berumur😂;2026-05-19T01:15:15Z;0;padahal secara umur lebih tua radit daripada mereka berdua tapi kenapa vibesnya dari gia sma dari tirta mirip bapak2 berumur;negatif;0.9949
dSq0Z5XpoLc;Pertemuan Bersejarah dr. Tirta dan dr. Gia;Raditya Dika;@IndraKenn-i5b;Man United pantatin liverpool akhir musim nih plus bonus masuk champions;2026-05-19T00:19:44Z;0;man united pantatin liverpool akhir musim nih plus bonus masuk champions;negatif;0.9868
dSq0Z5XpoLc;Pertemuan Bersejarah dr. Tirta dan dr. Gia;Raditya Dika;@atresia_whiteracket;bang gw gabisa tidur klo ga dengerin podcast bang dika sama dr tirta, tolong sering ngundang dr tirta;2026-05-18T16:25:52Z;0;bang saya tidak bisa tidur kalau tidak dengerin podcast bang dika sama dari tirta tolong sering ngundang dari tirta;negatif;0.987
dSq0Z5XpoLc;Pertemuan Bersejarah dr. Tirta dan dr. Gia;Raditya Dika;@OnelessLonelygirlJB;Saya adalah dr tirta 🤣;2026-05-18T16:01:28Z;0;saya adalah dari tirta;netral;0.7529
dSq0Z5XpoLc;Pertemuan Bersejarah dr. Tirta dan dr. Gia;Raditya Dika;@atika3062;Anteng bgt gua nonton ini sejam;2026-05-18T14:47:54Z;0;anteng sangat saya nonton ini sejam;positif;0.915
dSq0Z5XpoLc;Pertemuan Bersejarah dr. Tirta dan dr. Gia;Raditya Dika;@trihartati_25;SULITTTT UNTUK DISKIPPP😭;2026-05-18T14:37:59Z;0;sulitt untuk diskipp;negatif;0.9871
dSq0Z5XpoLc;Pertemuan Bersejarah dr. Tirta dan dr. Gia;Raditya Dika;@deyysylus;27:28 stiker fav gue wkwk;2026-05-18T13:36:34Z;0;stiker favorit saya wkwk;netral;0.6645
dSq0Z5XpoLc;Pertemuan Bersejarah dr. Tirta dan dr. Gia;Raditya Dika;@safnazuas;Dr. GIA sama Dr. Tirta bawaannya seperti kanan dan kiri, punya karakteristik masing masing. Keren...;2026-05-18T12:25:45Z;0;dari gia sama dari tirta bawaannya seperti kanan dan kiri punya karakteristik masing masing keren;positif;0.9933
dSq0Z5XpoLc;Pertemuan Bersejarah dr. Tirta dan dr. Gia;Raditya Dika;@02jefriansyah;Gila sih 14 juta 😂;2026-05-18T11:05:23Z;1;gila sih juta;negatif;0.9961
dSq0Z5XpoLc;Pertemuan Bersejarah dr. Tirta dan dr. Gia;Raditya Dika;@lolytacecyllya8153;Seru bgt ini,baru nonton 😅;2026-05-18T10:22:13Z;1;seru sangat ini baru nonton;positif;0.9972
dSq0Z5XpoLc;Pertemuan Bersejarah dr. Tirta dan dr. Gia;Raditya Dika;@Dima.A.P_RF;54.01;2026-05-18T08:40:01Z;1;;positif;0.8912
dSq0Z5XpoLc;Pertemuan Bersejarah dr. Tirta dan dr. Gia;Raditya Dika;@NanaSaputri-u8f;23:14 MAJU KABEH😠😬😡;2026-05-18T08:33:57Z;0;maju kabeh;positif;0.9728
dSq0Z5XpoLc;Pertemuan Bersejarah dr. Tirta dan dr. Gia;Raditya Dika;@Dima.A.P_RF;38.08;2026-05-18T08:30:40Z;1;;positif;0.8912
dSq0Z5XpoLc;Pertemuan Bersejarah dr. Tirta dan dr. Gia;Raditya Dika;@NanaSaputri-u8f;"15:21 DIJUAL. memang jiwa bisnisnya gede bgtttt😭😭😭
15:47 iya lagi jiwa bisnisnya luar biasa ya dr. Gia 😭😭😭";2026-05-18T08:21:33Z;1;dijual memang jiwa bisnisnya gede bgtt iya lagi jiwa bisnisnya luar biasa ya dari gia;positif;0.9025
dSq0Z5XpoLc;Pertemuan Bersejarah dr. Tirta dan dr. Gia;Raditya Dika;@NanaSaputri-u8f;"Raditya Dika : ada kado buat kalian 
dr gia : gitu? 
dr tirta : jangan percaya🖐️";2026-05-18T08:14:47Z;0;raditya dika ada kado buat kalian dari gia begitu dari tirta jangan percaya;negatif;0.9896
dSq0Z5XpoLc;Pertemuan Bersejarah dr. Tirta dan dr. Gia;Raditya Dika;@dmf1051;dokter gia kalau dari samping  anang ....;2026-05-18T07:53:21Z;0;dokter gia kalau dari samping anang;netral;0.97
dSq0Z5XpoLc;Pertemuan Bersejarah dr. Tirta dan dr. Gia;Raditya Dika;@clsthmlinaa;undang lagi merekaaa plss;2026-05-18T07:27:29Z;0;undang lagi merekaa plss;negatif;0.7051
dSq0Z5XpoLc;Pertemuan Bersejarah dr. Tirta dan dr. Gia;Raditya Dika;@Ciput_Annr;Liat komennya bikin ngakak😂;2026-05-18T07:26:50Z;0;liat komennya bikin terbahak-bahak;negatif;0.9836
dSq0Z5XpoLc;Pertemuan Bersejarah dr. Tirta dan dr. Gia;Raditya Dika;@fathangemoy-p8y9n;BahaGIA versus TIRTAntrum;2026-05-18T07:26:28Z;0;bahagia versus tirtantrum;positif;0.987
dSq0Z5XpoLc;Pertemuan Bersejarah dr. Tirta dan dr. Gia;Raditya Dika;@evanprananda6095;seruu;2026-05-18T07:02:28Z;0;seruu;negatif;0.9543
dSq0Z5XpoLc;Pertemuan Bersejarah dr. Tirta dan dr. Gia;Raditya Dika;@umarnursam3937;Kayaknya sy pilih berobat ke dokter Gia aja , biar cpt sembuh 😁;2026-05-18T05:54:18Z;0;kayaknya saya pilih berobat ke dokter gia saja biar cepat sembuh;negatif;0.5013
dSq0Z5XpoLc;Pertemuan Bersejarah dr. Tirta dan dr. Gia;Raditya Dika;@MirantoHarimisa-h8n;dr. Tirta cocok ngelawak jga 😂;2026-05-18T05:08:38Z;0;dari tirta cocok ngelawak juga;positif;0.9868
dSq0Z5XpoLc;Pertemuan Bersejarah dr. Tirta dan dr. Gia;Raditya Dika;@theresiasimbolon7338;"""paham kau~~"" dokter giaaa ";2026-05-18T03:08:54Z;0;paham kamu dokter giaa;negatif;0.9929
dSq0Z5XpoLc;Pertemuan Bersejarah dr. Tirta dan dr. Gia;Raditya Dika;@alanadi93;Ada juga nama anak yang KAI;2026-05-18T01:55:40Z;0;ada juga nama anak yang kai;netral;0.8763
dSq0Z5XpoLc;Pertemuan Bersejarah dr. Tirta dan dr. Gia;Raditya Dika;@hyunwook-sh0;😅😅;2026-05-17T15:13:03Z;0;;positif;0.8912
dSq0Z5XpoLc;Pertemuan Bersejarah dr. Tirta dan dr. Gia;Raditya Dika;@PutriArumsariputpit18;Viewsnya 14 juta 🎉;2026-05-17T14:41:43Z;0;viewsnya juta;positif;0.7948
dSq0Z5XpoLc;Pertemuan Bersejarah dr. Tirta dan dr. Gia;Raditya Dika;@rasrah5;"Dari awal sampai akhir seru
emang bener2 bikin bengek😭😂";2026-05-17T14:31:21Z;0;dari awal sampai akhir seru memang benar-benar bikin bengek;negatif;0.9508
dSq0Z5XpoLc;Pertemuan Bersejarah dr. Tirta dan dr. Gia;Raditya Dika;@user-nr9xg4nv2m;nakal banget dokter tirta 😭😭😭;2026-05-17T14:26:15Z;0;nakal sekali dokter tirta;negatif;0.9961
dSq0Z5XpoLc;Pertemuan Bersejarah dr. Tirta dan dr. Gia;Raditya Dika;@skolastikadindachrisna8424;Podcast terbaik sepanjang masa yang pernah kulihat sejauh ini. 😂🤣🤣🤣👏✨;2026-05-17T14:22:00Z;0;podcast terbaik sepanjang masa yang pernah kulihat sejauh ini;positif;0.9943
dSq0Z5XpoLc;Pertemuan Bersejarah dr. Tirta dan dr. Gia;Raditya Dika;@ckhairina;wkwkwkkw sumpah baru nonton sekarang, lucu bgt ini duo dokter tolak belakang bgt;2026-05-17T14:21:54Z;0;wkwkwkkw sumpah baru nonton sekarang lucu sangat ini duo dokter tolak belakang sangat;positif;0.9881
dSq0Z5XpoLc;Pertemuan Bersejarah dr. Tirta dan dr. Gia;Raditya Dika;@fransiscaagustin-uv3cb;Nonton ini berkali kali dan tetap lucu;2026-05-17T14:02:23Z;0;nonton ini berkali kali dan tetap lucu;positif;0.9952
dSq0Z5XpoLc;Pertemuan Bersejarah dr. Tirta dan dr. Gia;Raditya Dika;@khairunnisanurfadhilah4514;capek bgt😭;2026-05-17T12:25:07Z;0;capai sangat;negatif;0.5629
dSq0Z5XpoLc;Pertemuan Bersejarah dr. Tirta dan dr. Gia;Raditya Dika;@nishimur4rik_0;55:07 ngetawain ini ga berhenti²🤦🏻‍♀️😭;2026-05-17T06:49:57Z;0;ngetawain ini tidak berhenti²;negatif;0.5941
dSq0Z5XpoLc;Pertemuan Bersejarah dr. Tirta dan dr. Gia;Raditya Dika;@ahmadbarizi;Menit 54.00;2026-05-17T05:18:05Z;0;menit;negatif;0.9803
dSq0Z5XpoLc;Pertemuan Bersejarah dr. Tirta dan dr. Gia;Raditya Dika;@da991s;😂😂😂 wah makasih kontennya bikin ketawa sampe nangis;2026-05-16T16:33:15Z;2;wah makasih kontennya bikin tertawa sampai nangis;negatif;0.7406
dSq0Z5XpoLc;Pertemuan Bersejarah dr. Tirta dan dr. Gia;Raditya Dika;@TristanPhone-n7f;tiba mental health issue;2026-05-16T15:56:32Z;1;tiba mental health issue;netral;0.9739
dSq0Z5XpoLc;Pertemuan Bersejarah dr. Tirta dan dr. Gia;Raditya Dika;@nadiaya265;Ini diulang ulang pun ga bakal bosen sih😭😭😭😭;2026-05-16T13:59:27Z;1;ini diulang ulang pun tidak bakal bosan sih;positif;0.9451
dSq0Z5XpoLc;Pertemuan Bersejarah dr. Tirta dan dr. Gia;Raditya Dika;@elockendach5008;Citot bikin aku ngakak banget😂😂;2026-05-16T13:33:37Z;1;citot bikin saya terbahak-bahak sekali;negatif;0.9501
dSq0Z5XpoLc;Pertemuan Bersejarah dr. Tirta dan dr. Gia;Raditya Dika;@seora557;ingatan terjauh dr tirta mirip kaya ingatanku wkwk tapi aku eek nya di rumah tapi kayaknya umurku lebih muda gak nyape 3 tahun;2026-05-16T12:51:43Z;0;ingatan terjauh dari tirta mirip kaya ingatanku wkwk tapi saya eek nya di rumah tapi kayaknya umurku lebih muda tidak nyape tahun;negatif;0.9642
dSq0Z5XpoLc;Pertemuan Bersejarah dr. Tirta dan dr. Gia;Raditya Dika;@Harsa0vns;Matcha cih 😭😭😭😭😭 38:41;2026-05-16T12:09:17Z;0;matcha cih;positif;0.9595
dSq0Z5XpoLc;Pertemuan Bersejarah dr. Tirta dan dr. Gia;Raditya Dika;@ditadwiutami3427;54:02 SOTO;2026-05-16T12:04:10Z;0;soto;negatif;0.9593
dSq0Z5XpoLc;Pertemuan Bersejarah dr. Tirta dan dr. Gia;Raditya Dika;@rioermindo;mayanesiadotcom 🎉🎉🎉;2026-05-16T12:02:26Z;0;mayanesiadotcom;netral;0.9459
dSq0Z5XpoLc;Pertemuan Bersejarah dr. Tirta dan dr. Gia;Raditya Dika;@nimitasiwi7091;Funfact : 3 orang ini dimuat profilnya di wikipedia.;2026-05-16T10:35:35Z;0;funfact orang ini dimuat profilnya di wikipedia;netral;0.9821
dSq0Z5XpoLc;Pertemuan Bersejarah dr. Tirta dan dr. Gia;Raditya Dika;@muhammadmiftahulhuda4271;Closingnya goksss 😂🎉;2026-05-16T06:23:56Z;1;closingnya gokss;positif;0.5282
dSq0Z5XpoLc;Pertemuan Bersejarah dr. Tirta dan dr. Gia;Raditya Dika;@NoizHellenanoizsafitri-g4t2j;Bacain komentarnya pada ngakak semua😂😂;2026-05-15T23:45:41Z;0;bacain komentarnya pada terbahak-bahak semua;negatif;0.9807
dSq0Z5XpoLc;Pertemuan Bersejarah dr. Tirta dan dr. Gia;Raditya Dika;@irhammalvinwisesa4742;ahahahaha;2026-05-15T18:17:27Z;0;ahahahaha;negatif;0.9903
dSq0Z5XpoLc;Pertemuan Bersejarah dr. Tirta dan dr. Gia;Raditya Dika;@RezkiJaya-kj5ep;Loh kita SM Dr Tirta dari LAZIO KE LIVERPOOL..;2026-05-15T17:32:59Z;0;loh kita sama dari tirta dari lazio ke liverpool;positif;0.6841
dSq0Z5XpoLc;Pertemuan Bersejarah dr. Tirta dan dr. Gia;Raditya Dika;@iswanbro588;yang kiri soft spoken yang kanan sok spongken;2026-05-15T13:54:14Z;0;yang kiri soft spoken yang kanan sok spongken;netral;0.9695
dSq0Z5XpoLc;Pertemuan Bersejarah dr. Tirta dan dr. Gia;Raditya Dika;@anggita5982;Asli disini gw kasian banget sama Dika, mukanya tertekan banget 😆😆😆😆;2026-05-15T13:51:20Z;0;asli disini saya kasihan sekali sama dika mukanya tertekan sekali;negatif;0.9959
dSq0Z5XpoLc;Pertemuan Bersejarah dr. Tirta dan dr. Gia;Raditya Dika;@NuansaAndau;Karakter org itu tumbuh & berkembang dari lingkungan keluarga inti & lingkungan teman2nya;2026-05-15T13:39:09Z;0;karakter orang itu tumbuh berkembang dari lingkungan keluarga inti lingkungan teman2nya;netral;0.9018
dSq0Z5XpoLc;Pertemuan Bersejarah dr. Tirta dan dr. Gia;Raditya Dika;@Alfikhairi-j7i;Jawa vs indo;2026-05-15T10:13:13Z;0;jawa vs indo;netral;0.8263
dSq0Z5XpoLc;Pertemuan Bersejarah dr. Tirta dan dr. Gia;Raditya Dika;@rendianilissa4186;Tolong ini buatin mrk webtoon kek Yumi's Cell, Tirta's Cell vs Gia's Cell... Brain Cell mrk beda universe bgt pst seru bgt dikartunin. 😩😩😭😭;2026-05-15T05:00:41Z;12;tolong ini buatkan mereka webtoon kek yumi s cell tirta s cell vs gia s cell brain cell mereka beda universe sangat pst seru sangat dikartunin;positif;0.9672
dSq0Z5XpoLc;Pertemuan Bersejarah dr. Tirta dan dr. Gia;Raditya Dika;@gilangramadani6183;Yang satu darah rendah yang satunya darah tinggi;2026-05-15T04:09:32Z;2;yang satu darah rendah yang satunya darah tinggi;negatif;0.9743
dSq0Z5XpoLc;Pertemuan Bersejarah dr. Tirta dan dr. Gia;Raditya Dika;@atikadamayanti5828;Dr. Tirta adalah aku yg kesabarannya setipis tissu dibelah 20. Selagi bisa ngamuk kenapa harus sabar wkwkkw😅;2026-05-15T03:12:16Z;0;dari tirta adalah saya yang kesabarannya setipis tissu dibelah selagi bisa ngamuk kenapa harus sabar wkwkkw;negatif;0.8193
dSq0Z5XpoLc;Pertemuan Bersejarah dr. Tirta dan dr. Gia;Raditya Dika;@Naevis.23;Rewacth awoksosksoskks;2026-05-15T02:47:45Z;1;rewacth awoksosksoskks;netral;0.9428
dSq0Z5XpoLc;Pertemuan Bersejarah dr. Tirta dan dr. Gia;Raditya Dika;@MacKennzienrv;"Perbedaan ketawa
Dr. Gia   : hihihihi
Dr. Tirta : hahahahaha
Radityadika : wkwkwkwk";2026-05-14T21:55:42Z;0;perbedaan tertawa dari gia hihihihi dari tirta hahahahaha radityadika wkwkwkwk;negatif;0.7152
dSq0Z5XpoLc;Pertemuan Bersejarah dr. Tirta dan dr. Gia;Raditya Dika;@khoirulmubarok959;58.08 seru pas tanya kenapa ketawa pas denger citot 😂😂😂;2026-05-14T16:24:49Z;1;seru pas tanya kenapa tertawa pas dengar citot;positif;0.7678
dSq0Z5XpoLc;Pertemuan Bersejarah dr. Tirta dan dr. Gia;Raditya Dika;@niningnurhayatiningsih2341;Waduuh seru banget...dr Tirta vs  dr Gia. ..Rdit oke banget🎉;2026-05-14T14:47:49Z;0;waduuh seru sekali dari tirta vs dari gia rdit oke sekali;positif;0.9915
dSq0Z5XpoLc;Pertemuan Bersejarah dr. Tirta dan dr. Gia;Raditya Dika;@pasfaishalhaniq;Radit ga perlu nyiapin pertanyaan, mereka otomatis cerita 😂;2026-05-14T14:33:36Z;40;radit tidak perlu nyiapin pertanyaan mereka otomatis cerita;netral;0.5507
dSq0Z5XpoLc;Pertemuan Bersejarah dr. Tirta dan dr. Gia;Raditya Dika;@natdel-z3w;ada gitu orang solo ngomong SOTO!!!!!!!! SOTO TANPA KECAP!!!!!;2026-05-14T14:31:25Z;1;ada begitu orang solo bicara soto soto tanpa kecap;negatif;0.7084
dSq0Z5XpoLc;Pertemuan Bersejarah dr. Tirta dan dr. Gia;Raditya Dika;@Lvd79-i6i;😂satunya ngegas satunya adem, definisi yin dan yang😅;2026-05-14T14:06:15Z;0;satunya ngegas satunya adem definisi yin dan yang;negatif;0.7841
dSq0Z5XpoLc;Pertemuan Bersejarah dr. Tirta dan dr. Gia;Raditya Dika;@sandypratamaadikarta4451;Very entertain😂😂😂;2026-05-14T12:30:08Z;0;very entertain;positif;0.5061
dSq0Z5XpoLc;Pertemuan Bersejarah dr. Tirta dan dr. Gia;Raditya Dika;@kefinjanitra1880;Tolong undang dr. Tirta dengan Indah Kus!!;2026-05-14T12:02:57Z;0;tolong undang dari tirta dengan indah kus;positif;0.9654
dSq0Z5XpoLc;Pertemuan Bersejarah dr. Tirta dan dr. Gia;Raditya Dika;@habibitamvan;aku malah kepengen jaga malem karna suka sama nanganin orang random;2026-05-14T09:17:30Z;1;saya malah ingin jaga malam karena suka sama nanganin orang random;negatif;0.71
dSq0Z5XpoLc;Pertemuan Bersejarah dr. Tirta dan dr. Gia;Raditya Dika;@Channeldheo;produser ayo nonton bikin drama ni kisah dua dokter Yin Yang😂;2026-05-14T08:37:52Z;0;produser ayo nonton bikin drama ini kisah dua dokter yin yang;netral;0.9756
dSq0Z5XpoLc;Pertemuan Bersejarah dr. Tirta dan dr. Gia;Raditya Dika;@Channeldheo;😂😂😂vibes nya frontal beud Dr Tirta😂;2026-05-14T08:29:43Z;0;vibes nya frontal banget dari tirta;positif;0.811
dSq0Z5XpoLc;Pertemuan Bersejarah dr. Tirta dan dr. Gia;Raditya Dika;@ruubblee;"WKWKWK PLOTWIST BGT YANG AKHIR😭
DOKTER GIA DOKTER GIA 😭";2026-05-14T08:07:40Z;0;wkwkwk plotwist sangat yang akhir dokter gia dokter gia;netral;0.625
dSq0Z5XpoLc;Pertemuan Bersejarah dr. Tirta dan dr. Gia;Raditya Dika;@apotekviola;Seru banget nontonnya bang radit, sampai gak ada jeda loh, dokter gia dengan keramahannya dokter tirta dengan kerasnya intonasi bicaranya seru banget , jadi ngalir banget acaranya,, bisa gak ditambahin durasinya 3 jam gitu..  hehehe;2026-05-14T05:37:40Z;0;seru sekali nontonnya bang radit sampai tidak ada jeda loh dokter gia dengan keramahannya dokter tirta dengan kerasnya intonasi bicaranya seru sekali jadi ngalir sekali acaranya bisa tidak ditambahin durasinya jam begitu hehehe;positif;0.8618
dSq0Z5XpoLc;Pertemuan Bersejarah dr. Tirta dan dr. Gia;Raditya Dika;@chairulmuslimin3190;"Nama dr. GIA ternyata krna bapaknya pilot Garuda Indonesia Airways
Kalo dr.Tirta kirain bapaknya pegawai PDAM😅";2026-05-14T05:14:26Z;0;nama dari gia ternyata karena bapaknya pilot garuda indonesia airways kalau dari tirta kirain bapaknya pegawai pdam;netral;0.9573
dSq0Z5XpoLc;Pertemuan Bersejarah dr. Tirta dan dr. Gia;Raditya Dika;@sitihodijah9387;dr Gia Soleh...dr Tirta .Soleh juga cuma beda cara penyampaian nya🤣🤣;2026-05-14T01:39:41Z;1;dari gia soleh dari tirta soleh juga cuma beda cara penyampaian nya;netral;0.5417
dSq0Z5XpoLc;Pertemuan Bersejarah dr. Tirta dan dr. Gia;Raditya Dika;@sitihodijah9387;😂😂;2026-05-14T01:38:14Z;0;;positif;0.8912
dSq0Z5XpoLc;Pertemuan Bersejarah dr. Tirta dan dr. Gia;Raditya Dika;@yusufsyarifullah;dokter tirta ketemu fajar sadboy seru kali ya;2026-05-13T22:11:44Z;0;dokter tirta ketemu fajar sadboy seru kali ya;positif;0.7654
dSq0Z5XpoLc;Pertemuan Bersejarah dr. Tirta dan dr. Gia;Raditya Dika;@arnin-r4b3y;SOTO🔥 SOTO TANPA KECAP🔥🔥🔥 WKWKW kesini gegara animasi di ig😭😭😭;2026-05-13T17:50:34Z;0;soto soto tanpa kecap wkwkw kesini gegara animasi di ig;netral;0.9653
dSq0Z5XpoLc;Pertemuan Bersejarah dr. Tirta dan dr. Gia;Raditya Dika;@syaniaputeri1758;WKWKW GEMES BANGET DR. GIA PAKE JERSEY 😭😭;2026-05-13T17:37:17Z;1;wkwkw gemes sekali dari gia pakai jersey;netral;0.9373
dSq0Z5XpoLc;Pertemuan Bersejarah dr. Tirta dan dr. Gia;Raditya Dika;@ndy1172;3x nonton podcast ini, seru;2026-05-13T13:23:24Z;1;3x nonton podcast ini seru;positif;0.9096
dSq0Z5XpoLc;Pertemuan Bersejarah dr. Tirta dan dr. Gia;Raditya Dika;@nahdiatuluhiyat5555;tapiii jujurrr, akuu juga kalau ke gramediaa tuhhh bawaannya mauuu pup terusssssss asliiikkk;2026-05-13T12:38:52Z;0;tapii jujurr akuu juga kalau ke gramediaa tuhh bawaannya mauu pup teruss asliikk;negatif;0.9959
dSq0Z5XpoLc;Pertemuan Bersejarah dr. Tirta dan dr. Gia;Raditya Dika;@RaniPermatasari-p6l;"Aq ketawa"" sndri lihat mreka😂 lucu  sehat sll smuanya ❤";2026-05-13T12:09:23Z;0;saya tertawa sendiri lihat mereka lucu sehat sll semuanya;positif;0.9953
dSq0Z5XpoLc;Pertemuan Bersejarah dr. Tirta dan dr. Gia;Raditya Dika;@kinaya_BTR;Ngakak bangett plss 😭😭;2026-05-13T11:58:13Z;0;terbahak-bahak sangat plss;positif;0.974
dSq0Z5XpoLc;Pertemuan Bersejarah dr. Tirta dan dr. Gia;Raditya Dika;@fatihahazzhrh;Dikasih sayang vs dikasih paham 😅;2026-05-13T09:56:40Z;0;dikasih sayang vs dikasih paham;positif;0.9621
dSq0Z5XpoLc;Pertemuan Bersejarah dr. Tirta dan dr. Gia;Raditya Dika;@eniherawati9329;rahang sakit ..ketawa trs. 😂😂😂;2026-05-13T09:20:01Z;0;rahang sakit tertawa terus;negatif;0.9955
dSq0Z5XpoLc;Pertemuan Bersejarah dr. Tirta dan dr. Gia;Raditya Dika;@ampchannel6167;Hahahahaa keos abis dr tirta rispek dr gia wkwkkw;2026-05-13T08:10:29Z;0;hahahahaa keos abis dari tirta rispek dari gia wkwkkw;netral;0.6299
dSq0Z5XpoLc;Pertemuan Bersejarah dr. Tirta dan dr. Gia;Raditya Dika;@syafirajuliyanti-nd8tn;😭😭😭😭;2026-05-13T07:01:08Z;0;;positif;0.8912
dSq0Z5XpoLc;Pertemuan Bersejarah dr. Tirta dan dr. Gia;Raditya Dika;@intanp.m5810;54:00 doksli;2026-05-13T04:34:50Z;1;doksli;netral;0.8994
dSq0Z5XpoLc;Pertemuan Bersejarah dr. Tirta dan dr. Gia;Raditya Dika;@naisaachannel5029;dokter tirta kek bocil kematian😭;2026-05-13T01:08:30Z;0;dokter tirta kek bocil kematian;netral;0.9679
dSq0Z5XpoLc;Pertemuan Bersejarah dr. Tirta dan dr. Gia;Raditya Dika;@anangmartins6156;"Ketika soft spoken
Dan softtex bertemu 😂";2026-05-12T19:18:09Z;0;ketika soft spoken dan softtex bertemu;netral;0.9736
dSq0Z5XpoLc;Pertemuan Bersejarah dr. Tirta dan dr. Gia;Raditya Dika;@brotherHood-d1i;Akakakakkaka dr titlrta maen DOTA;2026-05-12T14:17:09Z;0;akakakakkaka dari titlrta main dota;netral;0.9706
dSq0Z5XpoLc;Pertemuan Bersejarah dr. Tirta dan dr. Gia;Raditya Dika;@blubblubblubbubub;Let's make it into big three most popular video!!!!;2026-05-12T14:09:52Z;1;let s pakai it into big three most popular video;netral;0.7274
dSq0Z5XpoLc;Pertemuan Bersejarah dr. Tirta dan dr. Gia;Raditya Dika;@thekingofhope-g6y;"Saking terkenalnya dokter Tirta 
Dokter sekarang pada galak";2026-05-12T10:20:10Z;1;saking terkenalnya dokter tirta dokter sekarang pada galak;positif;0.9622
dSq0Z5XpoLc;Pertemuan Bersejarah dr. Tirta dan dr. Gia;Raditya Dika;@kangvoli;Pas Citot ngakak banget🤣;2026-05-12T07:55:33Z;0;pas citot terbahak-bahak sekali;negatif;0.9954
dSq0Z5XpoLc;Pertemuan Bersejarah dr. Tirta dan dr. Gia;Raditya Dika;@RizkiApriyandi;best;2026-05-12T07:39:57Z;0;best;positif;0.9975
dSq0Z5XpoLc;Pertemuan Bersejarah dr. Tirta dan dr. Gia;Raditya Dika;@RadzfootballIQ;58:00;2026-05-12T06:36:31Z;0;;positif;0.8912
dSq0Z5XpoLc;Pertemuan Bersejarah dr. Tirta dan dr. Gia;Raditya Dika;@safelasitorus1089;Nonton kedua kali dl ahhh😁;2026-05-12T06:08:55Z;0;nonton kedua kali dulu ahh;netral;0.6218
dSq0Z5XpoLc;Pertemuan Bersejarah dr. Tirta dan dr. Gia;Raditya Dika;@beciorbrooklyn3597;43:14;2026-05-12T06:06:38Z;0;;positif;0.8912
dSq0Z5XpoLc;Pertemuan Bersejarah dr. Tirta dan dr. Gia;Raditya Dika;@iskarimawatin.r.1466;56:50 IQ gue sama kaya' Bang Radit lagi🤣;2026-05-12T02:21:57Z;0;iq saya sama kaya bang radit lagi;positif;0.7051
dSq0Z5XpoLc;Pertemuan Bersejarah dr. Tirta dan dr. Gia;Raditya Dika;@lian_hua29;14 juta dong 😂;2026-05-12T01:31:29Z;0;juta dong;positif;0.6532
dSq0Z5XpoLc;Pertemuan Bersejarah dr. Tirta dan dr. Gia;Raditya Dika;@penghunibumi88;itu bayaran perhari apa perminggu?;2026-05-11T16:38:14Z;0;itu bayaran perhari apa perminggu;negatif;0.6905
dSq0Z5XpoLc;Pertemuan Bersejarah dr. Tirta dan dr. Gia;Raditya Dika;@rebel_id3435;🤣🤣🤣🤣🤣🤣🤣🤣🤣🤣🤣🤣;2026-05-11T15:28:42Z;0;;positif;0.8912
dSq0Z5XpoLc;Pertemuan Bersejarah dr. Tirta dan dr. Gia;Raditya Dika;@023nimatulmuyassaroh8;😅😅;2026-05-11T14:55:00Z;0;;positif;0.8912
dSq0Z5XpoLc;Pertemuan Bersejarah dr. Tirta dan dr. Gia;Raditya Dika;@ChloeSooha;Bang Radit ideal bgt jadi host  di antara dua dokter ini....😊;2026-05-11T14:28:30Z;1;bang radit ideal sangat jadi host di antara dua dokter ini;positif;0.9971
dSq0Z5XpoLc;Pertemuan Bersejarah dr. Tirta dan dr. Gia;Raditya Dika;@nettepoloowie;STABLE VS UNSTABLE 🤚😭;2026-05-11T13:19:44Z;0;stable vs unstable;netral;0.9785
dSq0Z5XpoLc;Pertemuan Bersejarah dr. Tirta dan dr. Gia;Raditya Dika;@kariayammm;50:09 dr. Tirta tau Klaten wkwk;2026-05-11T10:21:38Z;0;dari tirta tahu klaten wkwk;netral;0.7696
dSq0Z5XpoLc;Pertemuan Bersejarah dr. Tirta dan dr. Gia;Raditya Dika;@ggohanq;Nonton lagi wkkwkwkwkw dr tirta ni nakal bangett😂😂;2026-05-11T08:48:16Z;0;nonton lagi wkkwkwkwkw dari tirta ini nakal sangat;negatif;0.9955
dSq0Z5XpoLc;Pertemuan Bersejarah dr. Tirta dan dr. Gia;Raditya Dika;@Jauhari-v9s3k;Gila ya mantep bgt iq nya 142;2026-05-11T08:45:08Z;0;gila ya mantap sangat iq nya;negatif;0.9932
dSq0Z5XpoLc;Pertemuan Bersejarah dr. Tirta dan dr. Gia;Raditya Dika;@ratriKhaira;Setai tainya diingetin anj😭;2026-05-11T07:46:54Z;1;setai tainya diingetin anj;positif;0.8291
dSq0Z5XpoLc;Pertemuan Bersejarah dr. Tirta dan dr. Gia;Raditya Dika;@Sriyanti-1911;Dokter tirta bukannya fans MU ya dlu?;2026-05-11T07:30:08Z;0;dokter tirta bukannya fans mu ya dulu;negatif;0.9924
dSq0Z5XpoLc;Pertemuan Bersejarah dr. Tirta dan dr. Gia;Raditya Dika;@fiachan1256;lucu banget gapaham lagi sumpah;2026-05-11T05:05:38Z;0;lucu sekali gapaham lagi sumpah;positif;0.9665
dSq0Z5XpoLc;Pertemuan Bersejarah dr. Tirta dan dr. Gia;Raditya Dika;@maulidiniautami8205;GAKUAT NGAKAK WKWKWKWKWKKWK;2026-05-11T01:40:50Z;0;tidak kuat terbahak-bahak wkwkwkwkwkkwk;negatif;0.976
dSq0Z5XpoLc;Pertemuan Bersejarah dr. Tirta dan dr. Gia;Raditya Dika;@rillkeyy;tbtb sigma boy 😭😭;2026-05-11T00:46:44Z;8;tbtb sigma boy;netral;0.9816
dSq0Z5XpoLc;Pertemuan Bersejarah dr. Tirta dan dr. Gia;Raditya Dika;@dwiputri948;Dok gia menenangkan tp klo ada masalah d igd tiba2 dsuratin dr direktur langsung lbh menakutkan. drpda d omelin ma dokter igd atau spesialis langsung😂🤣;2026-05-10T22:42:12Z;1;dok gia menenangkan tapi kalau ada masalah d igd tiba2 dsuratin dari direktur langsung lebih menakutkan drpda d omelin ma dokter igd atau spesialis langsung;negatif;0.9898
dSq0Z5XpoLc;Pertemuan Bersejarah dr. Tirta dan dr. Gia;Raditya Dika;@CupeInterpendent;6:12 kasi paham😂🤣;2026-05-10T22:29:56Z;0;kasi paham;negatif;0.8267
dSq0Z5XpoLc;Pertemuan Bersejarah dr. Tirta dan dr. Gia;Raditya Dika;@khalidzaayuprabawati8575;"lucu bgt sih dokter"" ini😂";2026-05-10T19:43:05Z;0;lucu sangat sih dokter ini;positif;0.8427
dSq0Z5XpoLc;Pertemuan Bersejarah dr. Tirta dan dr. Gia;Raditya Dika;@Ditzz_06;7:01 , Paham Kau 😭 😭 😭 😭;2026-05-10T18:04:51Z;3;paham kamu;negatif;0.9865
dSq0Z5XpoLc;Pertemuan Bersejarah dr. Tirta dan dr. Gia;Raditya Dika;@amandaace2768;"dr Gia : food bloger 
dr Tirta : Penjual Soto
Raditya Dika : ""mukamu kayak cangkir""!";2026-05-10T17:10:14Z;0;dari gia food bloger dari tirta penjual soto raditya dika mukamu mirip cangkir;netral;0.8825
dSq0Z5XpoLc;Pertemuan Bersejarah dr. Tirta dan dr. Gia;Raditya Dika;@SherlyKr-nm2vm;57:57 plisss gua ulang² gakak lurrr😅;2026-05-10T16:34:18Z;0;pliss saya ulang² gakak lurr;negatif;0.6677
dSq0Z5XpoLc;Pertemuan Bersejarah dr. Tirta dan dr. Gia;Raditya Dika;@fanchanel21;dr.bahGIA vs dr.TIRTAntrum;2026-05-10T16:24:46Z;0;dari bahgia vs dari tirtantrum;netral;0.9752
dSq0Z5XpoLc;Pertemuan Bersejarah dr. Tirta dan dr. Gia;Raditya Dika;@windiahamidah768;Coba ketemuin dokter yislam jaidi Kaka nya bang Fadil jaidi  juga dong, pasti seru🙏😂;2026-05-10T15:29:49Z;0;coba ketemuin dokter yislam jaidi kakak nya bang fadil jaidi juga dong pasti seru;negatif;0.8663
dSq0Z5XpoLc;Pertemuan Bersejarah dr. Tirta dan dr. Gia;Raditya Dika;@fika__;Streesss ngakak bgt 😂😂😂;2026-05-10T13:02:32Z;0;streess terbahak-bahak sangat;positif;0.9627
dSq0Z5XpoLc;Pertemuan Bersejarah dr. Tirta dan dr. Gia;Raditya Dika;@GoldHunting888;hahaha lucu banget dr ghea;2026-05-10T12:39:46Z;0;hahaha lucu sekali dari ghea;positif;0.9966
dSq0Z5XpoLc;Pertemuan Bersejarah dr. Tirta dan dr. Gia;Raditya Dika;@kecoa_terbang66;Apakah ini yang di maksud king mu dan Liverpool;2026-05-10T12:10:44Z;1;apakah ini yang di maksud king mu dan liverpool;negatif;0.6521
dSq0Z5XpoLc;Pertemuan Bersejarah dr. Tirta dan dr. Gia;Raditya Dika;@intanvlog5707;Jersey mu nya beli di mana bang 😭;2026-05-10T11:44:15Z;0;jersey mu nya beli di mana bang;netral;0.43
dSq0Z5XpoLc;Pertemuan Bersejarah dr. Tirta dan dr. Gia;Raditya Dika;@SriDewiYuniarniPurwaasih;Dr tirta lucu juga 😂;2026-05-10T10:36:35Z;1;dari tirta lucu juga;positif;0.9969
dSq0Z5XpoLc;Pertemuan Bersejarah dr. Tirta dan dr. Gia;Raditya Dika;@yennrzk;ga kebayang klo nemu dokter di rs kyk dokter tirta😭;2026-05-10T10:21:35Z;1;tidak kebayang kalau temu dokter di rs kayak dokter tirta;positif;0.5176
dSq0Z5XpoLc;Pertemuan Bersejarah dr. Tirta dan dr. Gia;Raditya Dika;@willy_william2;"Pengalamanku, lebih enak dapat atasan atau teman sejawat seperti dokter tirta. Karna kalau misal kita salah langsung di tegur, walau sambil marah2. Dari pada seperti dokter Gia yg hanya senyumin tiba2 kita dapat surat atau di panggil direktur, lebih menyakitkan, tiba2 dapet SP walau kadang kita ga tau salahnya yg mana
Enak langsung di bilang kalau ada yg salah, biar bisa di perbaiki, dari pada muka dua di depan senyum tp di belakang ngomongin kita";2026-05-10T08:01:08Z;3;pengalamanku lebih enak dapat atasan atau teman sejawat seperti dokter tirta karena kalau misal kita salah langsung di tegur walau sambil marah2 dari pada seperti dokter gia yang hanya senyumin tiba2 kita dapat surat atau di panggil direktur lebih menyakitkan tiba2 dapat sp walau kadang kita tidak tahu salahnya yang mana enak langsung di bilang kalau ada yang salah biar bisa di perbaiki dari pada muka dua di depan senyum tapi di belakang membicarakan kita;negatif;0.9479
dSq0Z5XpoLc;Pertemuan Bersejarah dr. Tirta dan dr. Gia;Raditya Dika;@blubblubblubbubub;Sunduuuuul supaya jd most popular video dan channel Raditya Dika berubah nama jadi channel edukasi kesehatan ❤❤❤;2026-05-10T06:50:47Z;0;sunduul supaya jadi most popular video dan channel raditya dika berubah nama jadi channel edukasi kesehatan;netral;0.7841
dSq0Z5XpoLc;Pertemuan Bersejarah dr. Tirta dan dr. Gia;Raditya Dika;@milkyloverz;SHEILA ON7 VS SLIPKNOT😭😭😭😭😭😭😭😭😭✌🏻;2026-05-10T06:43:56Z;2;sheila on7 vs slipknot;netral;0.9819
dSq0Z5XpoLc;Pertemuan Bersejarah dr. Tirta dan dr. Gia;Raditya Dika;@MenitViral.N;Kalian pernah punya pengalaman memalukan di tempat umum juga gak? Komen di bawah! 😹👇;2026-05-10T06:42:09Z;0;kalian pernah punya pengalaman memalukan di tempat umum juga tidak komen di bawah;negatif;0.9955
dSq0Z5XpoLc;Pertemuan Bersejarah dr. Tirta dan dr. Gia;Raditya Dika;@emmay.u;Gilaaa 14jt viewer🎉😊 giveaway apanich;2026-05-10T06:02:57Z;0;gilaa 14jt viewer giveaway apanich;netral;0.9576
dSq0Z5XpoLc;Pertemuan Bersejarah dr. Tirta dan dr. Gia;Raditya Dika;@Klipperbaik;Raditya Dika: Pantesan orang yang Anda temui marah-marah, Anda sumber kemarahannya.;2026-05-10T04:09:38Z;1;raditya dika pantas orang yang anda temui marah marah anda sumber kemarahannya;negatif;0.9956
dSq0Z5XpoLc;Pertemuan Bersejarah dr. Tirta dan dr. Gia;Raditya Dika;@asiyah1011;Cuma numpang tempat Radit doang ini mah. Dokter tirta aja yg jadi host nya;2026-05-10T02:43:28Z;1;cuma numpang tempat radit saja ini mah dokter tirta saja yang jadi host nya;negatif;0.9952
dSq0Z5XpoLc;Pertemuan Bersejarah dr. Tirta dan dr. Gia;Raditya Dika;@InNeke-k5y;😂😂😂gokilll bagaikan langit dan awan kwkwkwkw...semangat dokter2 kereeenn !!!❤❤❤❤😊;2026-05-10T01:52:36Z;0;gokill bagaikan langit dan awan kwkwkwkw semangat dokter2 kereenn;positif;0.9057
dSq0Z5XpoLc;Pertemuan Bersejarah dr. Tirta dan dr. Gia;Raditya Dika;@delta-s1n;ibarat windah dan miawaug;2026-05-10T00:56:05Z;1;ibarat windah dan miawaug;netral;0.7164
